"store","city","total_sale_amount","total_ext_cost","blended_gross_margin"
11,"Burlington",149693.35,54441.43,63.631363717894
12,"Watertown",286224.74,102062.37,64.3418769460669
13,"Rockport",75221.12,24540.26,67.3758380625016
14,"Manchester",105276.93,43655.92,58.5323014263429
