"category","total_sale_amount","total_ext_cost","blended_gross_margin"
"Accessories",45033.53,16930.06,62.4056564075701
"Childrens",27191,10036.94,63.0872715236659
"Footwear",204102.96,74701.97,63.3998595610764
"Gifts & Lifestyle",9967.5,4213.47,57.7279157261099
"Men's Apparel",103846.6,35795.64,65.5302725366069
"Women's Apparel",226274.55,83021.9,63.3092188228857
